"mei_fi_id";"fi_id_cou";"fi_year";"fi_date";"ser_x";"ser_y";"ser_cou_code";"ser_nameshort";"ser_emu_nameshort";"ser_hty_code";"lengthmm";"weightg";"ageyear";"female_proportion";"method_sex";"sex";"sex_source";"fi_lfs_code";"ser_lfs_code";"lfs_code";"lfs_code_source";"sai_samplingstrategy";"sai_samplingobjective";"fi_comment";"sai_comment";"ser_qal_id";"source";"issue";"action"
2258275;"HR21_011";2021;2021-12-04;17.4784505324;43.0086198376;"HR";NA;"HR_total";"T";511;270;4;NA;NA;"f";"sex_length";"S";"S";"S";"fi_lfs_code";"commercial fishery";"EU DCF";NA;NA;1;"sampling";"lfs_dont_match";""
2258276;"HR21_012";2021;2021-12-04;17.4784505324;43.0086198376;"HR";NA;"HR_total";"T";522;252;3;NA;NA;"f";"sex_length";"S";"S";"S";"fi_lfs_code";"commercial fishery";"EU DCF";NA;NA;1;"sampling";"lfs_dont_match";""
2258310;"HR22_002";2022;2022-12-13;17.441589;43.053457;"HR";NA;"HR_total";"T";729;823;6;1;NA;"f";"sex_provided_nomethod";"S";"S";"S";"fi_lfs_code";"commercial fishery";"EU DCF";NA;NA;1;"sampling";"no_method_but_sex";""
3412933;NA;2023;2023-09-15;16.49183;43.536106;"HR";NA;"HR_total";"F";374;84.3;4;NA;1;NA;NA;"Y";"Y";"Y";"fi_lfs_code";"scientific survey";"EU DCF";NA;NA;1;"sampling";"no_sex_but_method";""
3412934;NA;2023;2023-09-15;16.49183;43.536106;"HR";NA;"HR_total";"F";381;96.1;4;NA;1;NA;NA;"Y";"Y";"Y";"fi_lfs_code";"scientific survey";"EU DCF";NA;NA;1;"sampling";"no_sex_but_method";""
3412939;NA;2023;2023-09-15;16.49183;43.536106;"HR";NA;"HR_total";"F";413;126;4;NA;1;NA;NA;"Y";"Y";"Y";"fi_lfs_code";"scientific survey";"EU DCF";NA;NA;1;"sampling";"no_sex_but_method";""
3412946;NA;2023;2023-09-15;16.49183;43.536106;"HR";NA;"HR_total";"F";666;522.1;10;NA;1;"f";"sex_SI";"Y";"Y";"Y";"fi_lfs_code";"scientific survey";"EU DCF";NA;NA;1;"sampling";"lfs_dont_match";""
3412947;NA;2023;2023-09-15;16.49183;43.536106;"HR";NA;"HR_total";"F";554;390;11;NA;1;"f";"sex_SI";"Y";"Y";"Y";"fi_lfs_code";"scientific survey";"EU DCF";NA;NA;1;"sampling";"lfs_dont_match";""
3412948;NA;2023;2023-09-15;16.49183;43.536106;"HR";NA;"HR_total";"F";569;430;10;NA;1;"f";"sex_SI";"Y";"Y";"Y";"fi_lfs_code";"scientific survey";"EU DCF";NA;NA;1;"sampling";"lfs_dont_match";""
3412949;NA;2023;2023-09-15;16.49183;43.536106;"HR";NA;"HR_total";"F";431;173;6;NA;1;"m";"sex_SI";"Y";"Y";"Y";"fi_lfs_code";"scientific survey";"EU DCF";NA;NA;1;"sampling";"lfs_dont_match";""
3412950;NA;2023;2023-09-15;16.49183;43.536106;"HR";NA;"HR_total";"F";632;571;11;NA;1;"f";"sex_SI";"Y";"Y";"Y";"fi_lfs_code";"scientific survey";"EU DCF";NA;NA;1;"sampling";"lfs_dont_match";""
3412951;NA;2023;2023-09-15;16.49183;43.536106;"HR";NA;"HR_total";"F";654;533;10;1;1;"f";"sex_provided_visual";"Y";"Y";"Y";"fi_lfs_code";"scientific survey";"EU DCF";NA;NA;1;"sampling";"lfs_dont_match";""
3412955;NA;2023;2023-09-15;15.951088;43.815216;"HR";NA;"HR_total";"F";336;55.9;4;NA;1;"m";"sex_SI";"Y";"Y";"Y";"fi_lfs_code";"scientific survey";"EU DCF";NA;NA;1;"sampling";"lfs_dont_match";""
3412957;NA;2023;2023-09-15;15.951088;43.815216;"HR";NA;"HR_total";"F";371;83.4;5;NA;1;NA;NA;"Y";"Y";"Y";"fi_lfs_code";"scientific survey";"EU DCF";NA;NA;1;"sampling";"no_sex_but_method";""
3412958;NA;2023;2023-09-15;15.951088;43.815216;"HR";NA;"HR_total";"F";181;4.9;4;NA;1;NA;NA;"Y";"Y";"Y";"fi_lfs_code";"scientific survey";"EU DCF";NA;NA;1;"sampling";"no_sex_but_method";""
3412959;NA;2023;2023-09-15;15.951088;43.815216;"HR";NA;"HR_total";"F";188;7.6;1;NA;1;NA;NA;"Y";"Y";"Y";"fi_lfs_code";"scientific survey";"EU DCF";NA;NA;1;"sampling";"no_sex_but_method";""
3412960;NA;2023;2023-09-15;15.951088;43.815216;"HR";NA;"HR_total";"F";216;8.4;1;NA;1;NA;NA;"Y";"Y";"Y";"fi_lfs_code";"scientific survey";"EU DCF";NA;NA;1;"sampling";"no_sex_but_method";""
3412961;NA;2023;2023-09-15;15.951088;43.815216;"HR";NA;"HR_total";"F";186;5.8;1;NA;1;NA;NA;"Y";"Y";"Y";"fi_lfs_code";"scientific survey";"EU DCF";NA;NA;1;"sampling";"no_sex_but_method";""
3412962;NA;2023;2023-09-15;15.951088;43.815216;"HR";NA;"HR_total";"F";196;7.3;1;NA;1;NA;NA;"Y";"Y";"Y";"fi_lfs_code";"scientific survey";"EU DCF";NA;NA;1;"sampling";"no_sex_but_method";""
3412963;NA;2023;2023-09-15;15.951088;43.815216;"HR";NA;"HR_total";"F";214;6.8;1;NA;1;NA;NA;"Y";"Y";"Y";"fi_lfs_code";"scientific survey";"EU DCF";NA;NA;1;"sampling";"no_sex_but_method";""
3412964;NA;2023;2023-09-15;15.951088;43.815216;"HR";NA;"HR_total";"F";157;5.9;1;NA;1;NA;NA;"Y";"Y";"Y";"fi_lfs_code";"scientific survey";"EU DCF";NA;NA;1;"sampling";"no_sex_but_method";""
3412965;NA;2023;2023-09-15;16.541049;43.515057;"HR";NA;"HR_total";"F";333;66.1;4;NA;1;NA;NA;"Y";"Y";"Y";"fi_lfs_code";"scientific survey";"EU DCF";NA;NA;1;"sampling";"no_sex_but_method";""
3412966;NA;2023;2023-09-15;16.541049;43.515057;"HR";NA;"HR_total";"F";319;52.6;4;NA;1;NA;NA;"Y";"Y";"Y";"fi_lfs_code";"scientific survey";"EU DCF";NA;NA;1;"sampling";"no_sex_but_method";""
3412967;NA;2023;2023-09-15;16.541049;43.515057;"HR";NA;"HR_total";"F";323;55.5;4;NA;1;NA;NA;"Y";"Y";"Y";"fi_lfs_code";"scientific survey";"EU DCF";NA;NA;1;"sampling";"no_sex_but_method";""
3412968;NA;2023;2023-09-15;16.541049;43.515057;"HR";NA;"HR_total";"F";334;74.1;4;NA;1;NA;NA;"Y";"Y";"Y";"fi_lfs_code";"scientific survey";"EU DCF";NA;NA;1;"sampling";"no_sex_but_method";""
3412969;NA;2023;2023-09-15;16.541049;43.515057;"HR";NA;"HR_total";"F";329;72.8;4;NA;1;NA;NA;"Y";"Y";"Y";"fi_lfs_code";"scientific survey";"EU DCF";NA;NA;1;"sampling";"no_sex_but_method";""
3412970;NA;2023;2023-09-15;16.541049;43.515057;"HR";NA;"HR_total";"F";317;58.3;4;NA;1;NA;NA;"Y";"Y";"Y";"fi_lfs_code";"scientific survey";"EU DCF";NA;NA;1;"sampling";"no_sex_but_method";""
3412971;NA;2023;2023-09-15;16.541049;43.515057;"HR";NA;"HR_total";"F";248;26.3;2;NA;1;NA;NA;"Y";"Y";"Y";"fi_lfs_code";"scientific survey";"EU DCF";NA;NA;1;"sampling";"no_sex_but_method";""
3412972;NA;2023;2023-09-15;16.541049;43.515057;"HR";NA;"HR_total";"F";249;26.9;4;NA;1;NA;NA;"Y";"Y";"Y";"fi_lfs_code";"scientific survey";"EU DCF";NA;NA;1;"sampling";"no_sex_but_method";""
3412974;NA;2023;2023-09-15;16.541049;43.515057;"HR";NA;"HR_total";"F";254;25.8;2;NA;1;NA;NA;"Y";"Y";"Y";"fi_lfs_code";"scientific survey";"EU DCF";NA;NA;1;"sampling";"no_sex_but_method";""
3412975;NA;2023;2023-09-15;16.541049;43.515057;"HR";NA;"HR_total";"F";333;72.4;3;NA;1;NA;NA;"Y";"Y";"Y";"fi_lfs_code";"scientific survey";"EU DCF";NA;NA;1;"sampling";"no_sex_but_method";""
3412976;NA;2023;2023-09-15;16.541049;43.515057;"HR";NA;"HR_total";"F";262;35.2;4;NA;1;NA;NA;"Y";"Y";"Y";"fi_lfs_code";"scientific survey";"EU DCF";NA;NA;1;"sampling";"no_sex_but_method";""
3412977;NA;2023;2023-09-15;16.541049;43.515057;"HR";NA;"HR_total";"F";281;38.1;4;NA;1;NA;NA;"Y";"Y";"Y";"fi_lfs_code";"scientific survey";"EU DCF";NA;NA;1;"sampling";"no_sex_but_method";""
3412978;NA;2023;2023-09-15;16.541049;43.515057;"HR";NA;"HR_total";"F";263;31;4;NA;1;NA;NA;"Y";"Y";"Y";"fi_lfs_code";"scientific survey";"EU DCF";NA;NA;1;"sampling";"no_sex_but_method";""
3412979;NA;2023;2023-09-15;16.541049;43.515057;"HR";NA;"HR_total";"F";324;60.2;6;NA;1;NA;NA;"Y";"Y";"Y";"fi_lfs_code";"scientific survey";"EU DCF";NA;NA;1;"sampling";"no_sex_but_method";""
3412980;NA;2023;2023-09-15;16.541049;43.515057;"HR";NA;"HR_total";"F";236;21.5;3;NA;1;NA;NA;"Y";"Y";"Y";"fi_lfs_code";"scientific survey";"EU DCF";NA;NA;1;"sampling";"no_sex_but_method";""
3412981;NA;2023;2023-09-15;16.541049;43.515057;"HR";NA;"HR_total";"F";265;27.8;4;NA;1;NA;NA;"Y";"Y";"Y";"fi_lfs_code";"scientific survey";"EU DCF";NA;NA;1;"sampling";"no_sex_but_method";""
3412982;NA;2023;2023-09-15;16.541049;43.515057;"HR";NA;"HR_total";"F";319;47.1;4;NA;1;NA;NA;"Y";"Y";"Y";"fi_lfs_code";"scientific survey";"EU DCF";NA;NA;1;"sampling";"no_sex_but_method";""
3412983;NA;2023;2023-09-15;16.541049;43.515057;"HR";NA;"HR_total";"F";235;17.3;3;NA;1;NA;NA;"Y";"Y";"Y";"fi_lfs_code";"scientific survey";"EU DCF";NA;NA;1;"sampling";"no_sex_but_method";""
3412984;NA;2023;2023-09-15;16.541049;43.515057;"HR";NA;"HR_total";"F";389;112;5;0;1;"m";"sex_provided_visual";"Y";"Y";"Y";"fi_lfs_code";"scientific survey";"EU DCF";NA;NA;1;"sampling";"lfs_dont_match";""
3412985;NA;2023;2023-09-15;16.541049;43.515057;"HR";NA;"HR_total";"F";342;68;4;0;1;"m";"sex_provided_visual";"Y";"Y";"Y";"fi_lfs_code";"scientific survey";"EU DCF";NA;NA;1;"sampling";"lfs_dont_match";""
3412987;NA;2023;2023-09-15;16.541049;43.515057;"HR";NA;"HR_total";"F";322;54;4;NA;1;NA;NA;"Y";"Y";"Y";"fi_lfs_code";"scientific survey";"EU DCF";NA;NA;1;"sampling";"no_sex_but_method";""
3412988;NA;2023;2023-09-15;16.541049;43.515057;"HR";NA;"HR_total";"F";379;97;9;NA;1;"m";"sex_SI";"Y";"Y";"Y";"fi_lfs_code";"scientific survey";"EU DCF";NA;NA;1;"sampling";"lfs_dont_match";""
3412989;NA;2023;2023-09-15;16.541049;43.515057;"HR";NA;"HR_total";"F";337;77;10;NA;1;NA;NA;"Y";"Y";"Y";"fi_lfs_code";"scientific survey";"EU DCF";NA;NA;1;"sampling";"no_sex_but_method";""
3412990;NA;2023;2023-09-15;16.541049;43.515057;"HR";NA;"HR_total";"F";227;22;3;NA;1;NA;NA;"Y";"Y";"Y";"fi_lfs_code";"scientific survey";"EU DCF";NA;NA;1;"sampling";"no_sex_but_method";""
3412992;NA;2023;2023-09-15;16.541049;43.515057;"HR";NA;"HR_total";"F";576;345;10;1;1;"f";"sex_provided_visual";"Y";"Y";"Y";"fi_lfs_code";"scientific survey";"EU DCF";NA;NA;1;"sampling";"lfs_dont_match";""
3412994;NA;2023;2023-09-15;15.631995;43.850671;"HR";NA;"HR_total";"F";720;530;NA;1;1;"f";"sex_provided_visual";"Y";"Y";"Y";"fi_lfs_code";"scientific survey";"EU DCF";NA;NA;1;"sampling";"lfs_dont_match";""
3412995;NA;2023;2023-09-15;16.750738;43.439471;"HR";NA;"HR_total";"F";313;57;4;NA;1;NA;NA;"Y";"Y";"Y";"fi_lfs_code";"scientific survey";"EU DCF";NA;NA;1;"sampling";"no_sex_but_method";""
3412996;NA;2023;2023-09-15;16.750738;43.439471;"HR";NA;"HR_total";"F";402;98;6;NA;1;NA;NA;"Y";"Y";"Y";"fi_lfs_code";"scientific survey";"EU DCF";NA;NA;1;"sampling";"no_sex_but_method";""
3413001;NA;2023;2023-09-15;16.750738;43.439471;"HR";NA;"HR_total";"F";537;345;10;1;1;"f";"sex_provided_visual";"Y";"Y";"Y";"fi_lfs_code";"scientific survey";"EU DCF";NA;NA;1;"sampling";"lfs_dont_match";""
3413002;NA;2023;2023-09-15;17.452139;43.031813;"HR";NA;"HR_total";"F";375;107;3;NA;1;"m";"sex_SI";"Y";"Y";"Y";"fi_lfs_code";"scientific survey";"EU DCF";NA;NA;1;"sampling";"lfs_dont_match";""
3413005;NA;2023;2023-09-15;17.452139;43.031813;"HR";NA;"HR_total";"F";334;61;4;NA;1;NA;NA;"Y";"Y";"Y";"fi_lfs_code";"scientific survey";"EU DCF";NA;NA;1;"sampling";"no_sex_but_method";""
3413006;NA;2023;2023-09-15;17.452139;43.031813;"HR";NA;"HR_total";"F";325;55;4;NA;1;NA;NA;"Y";"Y";"Y";"fi_lfs_code";"scientific survey";"EU DCF";NA;NA;1;"sampling";"no_sex_but_method";""
3413008;NA;2023;2023-09-15;17.452139;43.031813;"HR";NA;"HR_total";"F";298;37;2;NA;1;NA;NA;"Y";"Y";"Y";"fi_lfs_code";"scientific survey";"EU DCF";NA;NA;1;"sampling";"no_sex_but_method";""
3413009;NA;2023;2023-09-15;17.452139;43.031813;"HR";NA;"HR_total";"F";414;138;3;NA;1;NA;NA;"Y";"Y";"Y";"fi_lfs_code";"scientific survey";"EU DCF";NA;NA;1;"sampling";"no_sex_but_method";""
3413010;NA;2023;2023-09-15;17.452139;43.031813;"HR";NA;"HR_total";"F";329;54;2;NA;1;NA;NA;"Y";"Y";"Y";"fi_lfs_code";"scientific survey";"EU DCF";NA;NA;1;"sampling";"no_sex_but_method";""
3413012;NA;2023;2023-09-15;17.452139;43.031813;"HR";NA;"HR_total";"F";348;63;2;NA;1;NA;NA;"Y";"Y";"Y";"fi_lfs_code";"scientific survey";"EU DCF";NA;NA;1;"sampling";"no_sex_but_method";""
3413013;NA;2023;2023-09-15;17.452139;43.031813;"HR";NA;"HR_total";"F";359;78;3;NA;1;NA;NA;"Y";"Y";"Y";"fi_lfs_code";"scientific survey";"EU DCF";NA;NA;1;"sampling";"no_sex_but_method";""
3413014;NA;2023;2023-09-15;17.452139;43.031813;"HR";NA;"HR_total";"F";332;51;2;NA;1;NA;NA;"Y";"Y";"Y";"fi_lfs_code";"scientific survey";"EU DCF";NA;NA;1;"sampling";"no_sex_but_method";""
3413016;NA;2023;2023-09-15;17.452139;43.031813;"HR";NA;"HR_total";"F";318;39;2;NA;1;NA;NA;"Y";"Y";"Y";"fi_lfs_code";"scientific survey";"EU DCF";NA;NA;1;"sampling";"no_sex_but_method";""
3413017;NA;2023;2023-09-15;17.452139;43.031813;"HR";NA;"HR_total";"F";284;37;2;NA;1;NA;NA;"Y";"Y";"Y";"fi_lfs_code";"scientific survey";"EU DCF";NA;NA;1;"sampling";"no_sex_but_method";""
3413018;NA;2023;2023-09-15;17.452139;43.031813;"HR";NA;"HR_total";"F";316;40;2;NA;1;NA;NA;"Y";"Y";"Y";"fi_lfs_code";"scientific survey";"EU DCF";NA;NA;1;"sampling";"no_sex_but_method";""
3413020;NA;2023;2023-09-15;17.432099;43.070599;"HR";NA;"HR_total";"F";216;16;NA;NA;1;NA;NA;"Y";"Y";"Y";"fi_lfs_code";"scientific survey";"EU DCF";NA;NA;1;"sampling";"no_sex_but_method";""
3413021;NA;2023;2023-09-15;17.432099;43.070599;"HR";NA;"HR_total";"F";203;10;NA;NA;1;NA;NA;"Y";"Y";"Y";"fi_lfs_code";"scientific survey";"EU DCF";NA;NA;1;"sampling";"no_sex_but_method";""
3413022;NA;2023;2023-09-15;17.432099;43.070599;"HR";NA;"HR_total";"F";269;28;NA;NA;1;NA;NA;"Y";"Y";"Y";"fi_lfs_code";"scientific survey";"EU DCF";NA;NA;1;"sampling";"no_sex_but_method";""
3413023;NA;2023;2023-09-15;17.432099;43.070599;"HR";NA;"HR_total";"F";384;94;NA;NA;1;NA;NA;"Y";"Y";"Y";"fi_lfs_code";"scientific survey";"EU DCF";NA;NA;1;"sampling";"no_sex_but_method";""
3413024;NA;2023;2023-09-15;17.633386;43.053239;"HR";NA;"HR_total";"F";517;320.4;NA;1;1;"f";"sex_provided_visual";"S";"S";"S";"fi_lfs_code";"scientific survey";"EU DCF";NA;NA;1;"sampling";"lfs_dont_match";""
3413026;NA;2023;2023-09-15;17.633386;43.053239;"HR";NA;"HR_total";"F";372;85.8;NA;NA;1;NA;NA;"Y";"Y";"Y";"fi_lfs_code";"scientific survey";"EU DCF";NA;NA;1;"sampling";"no_sex_but_method";""
3413027;NA;2023;2023-09-15;17.633386;43.053239;"HR";NA;"HR_total";"F";286;28.6;NA;NA;1;NA;NA;"Y";"Y";"Y";"fi_lfs_code";"scientific survey";"EU DCF";NA;NA;1;"sampling";"no_sex_but_method";""
3413028;NA;2023;2023-09-15;17.633386;43.053239;"HR";NA;"HR_total";"F";486;221.4;NA;1;1;"f";"sex_provided_visual";"S";"S";"S";"fi_lfs_code";"scientific survey";"EU DCF";NA;NA;1;"sampling";"lfs_dont_match";""
3413031;NA;2023;2023-09-15;13.852089;45.354334;"HR";NA;"HR_total";"F";773;1041;8;1;1;"f";"sex_provided_visual";"Y";"Y";"Y";"fi_lfs_code";"scientific survey";"EU DCF";NA;NA;1;"sampling";"lfs_dont_match";""
3413032;NA;2023;2023-09-15;13.852089;45.354334;"HR";NA;"HR_total";"F";285;39;NA;NA;1;NA;NA;"Y";"Y";"Y";"fi_lfs_code";"scientific survey";"EU DCF";NA;NA;1;"sampling";"no_sex_but_method";""
3413033;NA;2023;2023-09-15;13.852089;45.354334;"HR";NA;"HR_total";"F";282;32;NA;NA;1;NA;NA;"Y";"Y";"Y";"fi_lfs_code";"scientific survey";"EU DCF";NA;NA;1;"sampling";"no_sex_but_method";""
3413034;NA;2023;2023-09-15;13.852089;45.354334;"HR";NA;"HR_total";"F";245;19;NA;NA;1;NA;NA;"Y";"Y";"Y";"fi_lfs_code";"scientific survey";"EU DCF";NA;NA;1;"sampling";"no_sex_but_method";""
3413035;NA;2023;2023-09-15;13.852089;45.354334;"HR";NA;"HR_total";"F";235;23;NA;NA;1;NA;NA;"Y";"Y";"Y";"fi_lfs_code";"scientific survey";"EU DCF";NA;NA;1;"sampling";"no_sex_but_method";""
3413036;NA;2023;2023-09-15;13.852089;45.354334;"HR";NA;"HR_total";"F";271;26;NA;NA;1;NA;NA;"Y";"Y";"Y";"fi_lfs_code";"scientific survey";"EU DCF";NA;NA;1;"sampling";"no_sex_but_method";""
3413037;NA;2023;2023-09-15;13.852089;45.354334;"HR";NA;"HR_total";"F";259;28;NA;NA;1;NA;NA;"Y";"Y";"Y";"fi_lfs_code";"scientific survey";"EU DCF";NA;NA;1;"sampling";"no_sex_but_method";""
3413038;NA;2023;2023-09-15;13.852089;45.354334;"HR";NA;"HR_total";"F";345;75;NA;NA;1;"m";"sex_SI";"Y";"Y";"Y";"fi_lfs_code";"scientific survey";"EU DCF";NA;NA;1;"sampling";"lfs_dont_match";""
3413039;NA;2023;2023-09-15;13.852089;45.354334;"HR";NA;"HR_total";"F";354;58;NA;NA;1;NA;NA;"Y";"Y";"Y";"fi_lfs_code";"scientific survey";"EU DCF";NA;NA;1;"sampling";"no_sex_but_method";""
3413040;NA;2023;2023-09-15;13.852089;45.354334;"HR";NA;"HR_total";"F";425;151;5;0;1;"m";"sex_provided_visual";"Y";"Y";"Y";"fi_lfs_code";"scientific survey";"EU DCF";NA;NA;1;"sampling";"lfs_dont_match";""
3413041;NA;2023;2023-09-15;13.852089;45.354334;"HR";NA;"HR_total";"F";415;157;5;NA;1;"m";"sex_SI";"Y";"Y";"Y";"fi_lfs_code";"scientific survey";"EU DCF";NA;NA;1;"sampling";"lfs_dont_match";""
3413045;NA;2023;2023-09-15;14.078193;45.187199;"HR";NA;"HR_total";"F";320;59;4;NA;1;NA;NA;"Y";"Y";"Y";"fi_lfs_code";"scientific survey";"EU DCF";NA;NA;1;"sampling";"no_sex_but_method";""
3413057;NA;2023;2023-12-15;16.483371;43.533394;"HR";NA;"HR_total";"F";619;489;9;1;1;"f";"sex_provided_visual";"Y";"Y";"Y";"fi_lfs_code";"scientific survey";"EU DCF";NA;NA;1;"sampling";"lfs_dont_match";""
3413068;NA;2023;2023-12-15;16.483371;43.533394;"HR";NA;"HR_total";"F";354;85;2;NA;1;NA;NA;"Y";"Y";"Y";"fi_lfs_code";"scientific survey";"EU DCF";NA;NA;1;"sampling";"no_sex_but_method";""
3413080;NA;2023;2023-12-15;16.483371;43.533394;"HR";NA;"HR_total";"F";346;78;2;NA;1;NA;NA;"Y";"Y";"Y";"fi_lfs_code";"scientific survey";"EU DCF";NA;NA;1;"sampling";"no_sex_but_method";""
3413084;NA;2023;2023-12-15;16.483371;43.533394;"HR";NA;"HR_total";"F";250;11;3;NA;1;NA;NA;"Y";"Y";"Y";"fi_lfs_code";"scientific survey";"EU DCF";NA;NA;1;"sampling";"no_sex_but_method";""
3413085;NA;2023;2023-12-15;16.483371;43.533394;"HR";NA;"HR_total";"F";199;9;2;NA;1;NA;NA;"Y";"Y";"Y";"fi_lfs_code";"scientific survey";"EU DCF";NA;NA;1;"sampling";"no_sex_but_method";""
3413091;NA;2023;2023-12-15;16.483371;43.533394;"HR";NA;"HR_total";"F";308;42;5;NA;1;NA;NA;"Y";"Y";"Y";"fi_lfs_code";"scientific survey";"EU DCF";NA;NA;1;"sampling";"no_sex_but_method";""
3413092;NA;2023;2023-12-15;16.483371;43.533394;"HR";NA;"HR_total";"F";246;30;3;NA;1;NA;NA;"Y";"Y";"Y";"fi_lfs_code";"scientific survey";"EU DCF";NA;NA;1;"sampling";"no_sex_but_method";""
3413106;NA;2023;2023-12-15;14.042897;45.059468;"HR";NA;"HR_total";"F";329;70;3;NA;1;NA;NA;"Y";"Y";"Y";"fi_lfs_code";"scientific survey";"EU DCF";NA;NA;1;"sampling";"no_sex_but_method";""
3413108;NA;2023;2023-12-15;14.042897;45.059468;"HR";NA;"HR_total";"F";358;100;4;NA;1;NA;NA;"Y";"Y";"Y";"fi_lfs_code";"scientific survey";"EU DCF";NA;NA;1;"sampling";"no_sex_but_method";""
3413110;NA;2023;2023-12-15;14.042897;45.059468;"HR";NA;"HR_total";"F";394;100;4;NA;1;NA;NA;"Y";"Y";"Y";"fi_lfs_code";"scientific survey";"EU DCF";NA;NA;1;"sampling";"no_sex_but_method";""
3413111;NA;2023;2023-12-15;14.042897;45.059468;"HR";NA;"HR_total";"F";412;106;5;NA;1;NA;NA;"Y";"Y";"Y";"fi_lfs_code";"scientific survey";"EU DCF";NA;NA;1;"sampling";"no_sex_but_method";""
3413112;NA;2023;2023-12-15;14.042897;45.059468;"HR";NA;"HR_total";"F";425;145;5;NA;1;NA;NA;"Y";"Y";"Y";"fi_lfs_code";"scientific survey";"EU DCF";NA;NA;1;"sampling";"no_sex_but_method";""
3413114;NA;2023;2023-12-15;14.042897;45.059468;"HR";NA;"HR_total";"F";417;123;5;NA;1;NA;NA;"Y";"Y";"Y";"fi_lfs_code";"scientific survey";"EU DCF";NA;NA;1;"sampling";"no_sex_but_method";""
3413117;NA;2023;2023-12-15;14.042897;45.059468;"HR";NA;"HR_total";"F";339;75;4;NA;1;NA;NA;"Y";"Y";"Y";"fi_lfs_code";"scientific survey";"EU DCF";NA;NA;1;"sampling";"no_sex_but_method";""
3413119;NA;2023;2023-12-15;14.042897;45.059468;"HR";NA;"HR_total";"F";383;92;5;NA;1;NA;NA;"Y";"Y";"Y";"fi_lfs_code";"scientific survey";"EU DCF";NA;NA;1;"sampling";"no_sex_but_method";""
3413120;NA;2023;2023-12-15;14.042897;45.059468;"HR";NA;"HR_total";"F";384;109;5;NA;1;NA;NA;"Y";"Y";"Y";"fi_lfs_code";"scientific survey";"EU DCF";NA;NA;1;"sampling";"no_sex_but_method";""
3413125;NA;2023;2023-12-15;14.042897;45.059468;"HR";NA;"HR_total";"F";402;126;5;NA;1;NA;NA;"Y";"Y";"Y";"fi_lfs_code";"scientific survey";"EU DCF";NA;NA;1;"sampling";"no_sex_but_method";""
3413127;NA;2023;2023-12-15;14.042897;45.059468;"HR";NA;"HR_total";"F";396;110;5;1;1;"f";"sex_provided_visual";"Y";"Y";"Y";"fi_lfs_code";"scientific survey";"EU DCF";NA;NA;1;"sampling";"lfs_dont_match, sex_dont_match_SI";""
3413129;NA;2023;2023-12-15;14.042897;45.059468;"HR";NA;"HR_total";"F";364;83;3;NA;1;NA;NA;"Y";"Y";"Y";"fi_lfs_code";"scientific survey";"EU DCF";NA;NA;1;"sampling";"no_sex_but_method";""
3413131;NA;2023;2023-12-15;14.042897;45.059468;"HR";NA;"HR_total";"F";393;132;4;0;1;"m";"sex_provided_visual";"Y";"Y";"Y";"fi_lfs_code";"scientific survey";"EU DCF";NA;NA;1;"sampling";"lfs_dont_match";""
3413133;NA;2023;2023-12-15;14.042897;45.059468;"HR";NA;"HR_total";"F";322;60;3;NA;1;NA;NA;"Y";"Y";"Y";"fi_lfs_code";"scientific survey";"EU DCF";NA;NA;1;"sampling";"no_sex_but_method";""
3413134;NA;2023;2023-12-15;14.042897;45.059468;"HR";NA;"HR_total";"F";366;90;4;NA;1;NA;NA;"Y";"Y";"Y";"fi_lfs_code";"scientific survey";"EU DCF";NA;NA;1;"sampling";"no_sex_but_method";""
3413135;NA;2023;2023-12-15;14.042897;45.059468;"HR";NA;"HR_total";"F";354;78;3;NA;1;NA;NA;"Y";"Y";"Y";"fi_lfs_code";"scientific survey";"EU DCF";NA;NA;1;"sampling";"no_sex_but_method";""
3413136;NA;2023;2023-12-15;14.042897;45.059468;"HR";NA;"HR_total";"F";346;70;4;NA;1;NA;NA;"Y";"Y";"Y";"fi_lfs_code";"scientific survey";"EU DCF";NA;NA;1;"sampling";"no_sex_but_method";""
3413137;NA;2023;2023-12-15;14.042897;45.059468;"HR";NA;"HR_total";"F";353;79;4;NA;1;NA;NA;"Y";"Y";"Y";"fi_lfs_code";"scientific survey";"EU DCF";NA;NA;1;"sampling";"no_sex_but_method";""
3413140;NA;2023;2023-12-15;14.042897;45.059468;"HR";NA;"HR_total";"F";392;128;5;1;1;"f";"sex_provided_visual";"Y";"Y";"Y";"fi_lfs_code";"scientific survey";"EU DCF";NA;NA;1;"sampling";"lfs_dont_match, sex_dont_match_SI";""
3413141;NA;2023;2023-12-15;14.042897;45.059468;"HR";NA;"HR_total";"F";326;62;4;NA;1;NA;NA;"Y";"Y";"Y";"fi_lfs_code";"scientific survey";"EU DCF";NA;NA;1;"sampling";"no_sex_but_method";""
3413153;NA;2023;2023-12-15;14.042897;45.059468;"HR";NA;"HR_total";"F";368;79;3;NA;1;NA;NA;"Y";"Y";"Y";"fi_lfs_code";"scientific survey";"EU DCF";NA;NA;1;"sampling";"no_sex_but_method";""
3413156;NA;2023;2023-12-15;14.042897;45.059468;"HR";NA;"HR_total";"F";441;150;4;1;1;"f";"sex_provided_visual";"Y";"Y";"Y";"fi_lfs_code";"scientific survey";"EU DCF";NA;NA;1;"sampling";"lfs_dont_match, sex_dont_match_SI";""
3413161;NA;2023;2023-12-15;14.042897;45.059468;"HR";NA;"HR_total";"F";293;43;5;NA;1;NA;NA;"Y";"Y";"Y";"fi_lfs_code";"scientific survey";"EU DCF";NA;NA;1;"sampling";"no_sex_but_method";""
3413163;NA;2023;2023-12-15;14.042897;45.059468;"HR";NA;"HR_total";"F";456;173;7;0;1;"m";"sex_provided_visual";"Y";"Y";"Y";"fi_lfs_code";"scientific survey";"EU DCF";NA;NA;1;"sampling";"lfs_dont_match";""
3413170;NA;2023;2023-12-15;14.042897;45.059468;"HR";NA;"HR_total";"F";302;47;5;NA;1;NA;NA;"Y";"Y";"Y";"fi_lfs_code";"scientific survey";"EU DCF";NA;NA;1;"sampling";"no_sex_but_method";""
3413173;NA;2023;2023-12-15;14.042897;45.059468;"HR";NA;"HR_total";"F";354;80;5;NA;1;NA;NA;"Y";"Y";"Y";"fi_lfs_code";"scientific survey";"EU DCF";NA;NA;1;"sampling";"no_sex_but_method";""
3413184;NA;2023;2023-12-15;14.042897;45.059468;"HR";NA;"HR_total";"F";378;98;5;NA;1;NA;NA;"Y";"Y";"Y";"fi_lfs_code";"scientific survey";"EU DCF";NA;NA;1;"sampling";"no_sex_but_method";""
3413185;NA;2023;2023-12-15;14.042897;45.059468;"HR";NA;"HR_total";"F";356;90;3;NA;1;NA;NA;"Y";"Y";"Y";"fi_lfs_code";"scientific survey";"EU DCF";NA;NA;1;"sampling";"no_sex_but_method";""
3413196;NA;2023;2023-12-15;14.042897;45.059468;"HR";NA;"HR_total";"F";274;33;3;NA;1;NA;NA;"Y";"Y";"Y";"fi_lfs_code";"scientific survey";"EU DCF";NA;NA;1;"sampling";"no_sex_but_method";""
3413198;NA;2023;2023-12-15;14.042897;45.059468;"HR";NA;"HR_total";"F";288;36;4;NA;1;NA;NA;"Y";"Y";"Y";"fi_lfs_code";"scientific survey";"EU DCF";NA;NA;1;"sampling";"no_sex_but_method";""
3413205;NA;2023;2023-12-15;14.778362;45.13604;"HR";NA;"HR_total";"F";336;93;3;0;1;"m";"sex_provided_visual";"Y";"Y";"Y";"fi_lfs_code";"scientific survey";"EU DCF";NA;NA;1;"sampling";"lfs_dont_match";""
3413206;NA;2023;2023-12-15;14.778362;45.13604;"HR";NA;"HR_total";"F";267;34;2;NA;1;NA;NA;"Y";"Y";"Y";"fi_lfs_code";"scientific survey";"EU DCF";NA;NA;1;"sampling";"no_sex_but_method";""
3413207;NA;2023;2023-12-15;14.778362;45.13604;"HR";NA;"HR_total";"F";261;40;2;NA;1;NA;NA;"Y";"Y";"Y";"fi_lfs_code";"scientific survey";"EU DCF";NA;NA;1;"sampling";"no_sex_but_method";""
3413208;NA;2023;2023-12-15;14.778362;45.13604;"HR";NA;"HR_total";"F";188;13;1;NA;1;NA;NA;"Y";"Y";"Y";"fi_lfs_code";"scientific survey";"EU DCF";NA;NA;1;"sampling";"no_sex_but_method";""
3413209;NA;2023;2023-12-15;14.778362;45.13604;"HR";NA;"HR_total";"F";163;8;1;NA;1;NA;NA;"Y";"Y";"Y";"fi_lfs_code";"scientific survey";"EU DCF";NA;NA;1;"sampling";"no_sex_but_method";""
3413210;NA;2023;2023-12-15;14.778362;45.13604;"HR";NA;"HR_total";"F";182;14;1;NA;1;NA;NA;"Y";"Y";"Y";"fi_lfs_code";"scientific survey";"EU DCF";NA;NA;1;"sampling";"no_sex_but_method";""
3413211;NA;2023;2023-12-15;14.778362;45.13604;"HR";NA;"HR_total";"F";163;6;1;NA;1;NA;NA;"Y";"Y";"Y";"fi_lfs_code";"scientific survey";"EU DCF";NA;NA;1;"sampling";"no_sex_but_method";""
3413218;NA;2023;2023-12-15;14.778362;45.13604;"HR";NA;"HR_total";"F";501;253.9;5;1;1;"f";"sex_provided_visual";"Y";"Y";"Y";"fi_lfs_code";"scientific survey";"EU DCF";NA;NA;1;"sampling";"lfs_dont_match, sex_dont_match_SI";""
3413219;NA;2023;2023-12-15;14.778362;45.13604;"HR";NA;"HR_total";"F";537;306.8;6;1;1;"f";"sex_provided_visual";"Y";"Y";"Y";"fi_lfs_code";"scientific survey";"EU DCF";NA;NA;1;"sampling";"lfs_dont_match";""
3413220;NA;2023;2023-12-15;14.778362;45.13604;"HR";NA;"HR_total";"F";384;112.6;3;0;1;"m";"sex_provided_visual";"Y";"Y";"Y";"fi_lfs_code";"scientific survey";"EU DCF";NA;NA;1;"sampling";"lfs_dont_match";""
3413221;NA;2023;2023-12-15;14.778362;45.13604;"HR";NA;"HR_total";"F";472;180;3;0;1;"m";"sex_provided_visual";"Y";"Y";"Y";"fi_lfs_code";"scientific survey";"EU DCF";NA;NA;1;"sampling";"lfs_dont_match";""
3413222;NA;2023;2023-12-15;14.778362;45.13604;"HR";NA;"HR_total";"F";415;141.8;4;0;1;"m";"sex_provided_visual";"Y";"Y";"Y";"fi_lfs_code";"scientific survey";"EU DCF";NA;NA;1;"sampling";"lfs_dont_match";""
3413223;NA;2023;2023-12-15;14.778362;45.13604;"HR";NA;"HR_total";"F";418;118.9;4;0;1;"m";"sex_provided_visual";"Y";"Y";"Y";"fi_lfs_code";"scientific survey";"EU DCF";NA;NA;1;"sampling";"lfs_dont_match";""
3413224;NA;2023;2023-12-15;14.778362;45.13604;"HR";NA;"HR_total";"F";481;209;5;1;1;"f";"sex_provided_visual";"Y";"Y";"Y";"fi_lfs_code";"scientific survey";"EU DCF";NA;NA;1;"sampling";"lfs_dont_match, sex_dont_match_SI";""
3413225;NA;2023;2023-12-15;14.778362;45.13604;"HR";NA;"HR_total";"F";573;359.6;5;1;1;"f";"sex_provided_visual";"Y";"Y";"Y";"fi_lfs_code";"scientific survey";"EU DCF";NA;NA;1;"sampling";"lfs_dont_match";""
3413226;NA;2023;2023-12-15;14.778362;45.13604;"HR";NA;"HR_total";"F";625;467.3;7;1;1;"f";"sex_provided_visual";"Y";"Y";"Y";"fi_lfs_code";"scientific survey";"EU DCF";NA;NA;1;"sampling";"lfs_dont_match";""
3413227;NA;2023;2023-12-15;14.778362;45.13604;"HR";NA;"HR_total";"F";654;487.3;7;1;1;"f";"sex_provided_visual";"Y";"Y";"Y";"fi_lfs_code";"scientific survey";"EU DCF";NA;NA;1;"sampling";"lfs_dont_match";""
3413228;NA;2023;2023-12-15;14.778362;45.13604;"HR";NA;"HR_total";"F";621;463;9;1;1;"f";"sex_provided_visual";"Y";"Y";"Y";"fi_lfs_code";"scientific survey";"EU DCF";NA;NA;1;"sampling";"lfs_dont_match";""
3413229;NA;2023;2023-12-15;14.778362;45.13604;"HR";NA;"HR_total";"F";642;484.1;7;1;1;"f";"sex_provided_visual";"Y";"Y";"Y";"fi_lfs_code";"scientific survey";"EU DCF";NA;NA;1;"sampling";"lfs_dont_match";""
3413230;NA;2023;2023-12-15;14.778362;45.13604;"HR";NA;"HR_total";"F";432;151.8;5;0;1;"m";"sex_provided_visual";"Y";"Y";"Y";"fi_lfs_code";"scientific survey";"EU DCF";NA;NA;1;"sampling";"lfs_dont_match";""
3413232;NA;2023;2023-12-15;14.778362;45.13604;"HR";NA;"HR_total";"F";431;140.1;7;0;1;"m";"sex_provided_visual";"Y";"Y";"Y";"fi_lfs_code";"scientific survey";"EU DCF";NA;NA;1;"sampling";"lfs_dont_match";""
3413237;NA;2023;2023-12-15;14.778362;45.13604;"HR";NA;"HR_total";"F";326;56.5;1;NA;1;NA;NA;"Y";"Y";"Y";"fi_lfs_code";"scientific survey";"EU DCF";NA;NA;1;"sampling";"no_sex_but_method";""
3413239;NA;2023;2023-12-15;14.778362;45.13604;"HR";NA;"HR_total";"F";313;41.7;2;NA;1;NA;NA;"Y";"Y";"Y";"fi_lfs_code";"scientific survey";"EU DCF";NA;NA;1;"sampling";"no_sex_but_method";""
3413240;NA;2023;2023-12-15;17.697898;42.834563;"HR";NA;"HR_total";"F";353;77;3;NA;1;NA;NA;"Y";"Y";"Y";"fi_lfs_code";"scientific survey";"EU DCF";NA;NA;1;"sampling";"no_sex_but_method";""
3413242;NA;2023;2023-12-15;17.697898;42.834563;"HR";NA;"HR_total";"F";436;102;5;0;1;"m";"sex_provided_visual";"Y";"Y";"Y";"fi_lfs_code";"scientific survey";"EU DCF";NA;NA;1;"sampling";"lfs_dont_match";""
3413243;NA;2023;2023-12-15;17.697898;42.834563;"HR";NA;"HR_total";"F";336;50;3;NA;1;NA;NA;"Y";"Y";"Y";"fi_lfs_code";"scientific survey";"EU DCF";NA;NA;1;"sampling";"no_sex_but_method";""
3413245;NA;2023;2023-12-15;17.697898;42.834563;"HR";NA;"HR_total";"F";345;66;4;NA;1;"m";"sex_SI";"Y";"Y";"Y";"fi_lfs_code";"scientific survey";"EU DCF";NA;NA;1;"sampling";"lfs_dont_match";""
3413246;NA;2023;2023-12-15;17.697898;42.834563;"HR";NA;"HR_total";"F";384;83;4;0;1;"m";"sex_provided_visual";"Y";"Y";"Y";"fi_lfs_code";"scientific survey";"EU DCF";NA;NA;1;"sampling";"lfs_dont_match";""
